{
  "total_samples": 13226,
  "xss_samples": 6613,
  "normal_samples": 6613,
  "balance_ratio": 0.5,
  "avg_xss_length": 68.86027521548465,
  "avg_normal_length": 27.27899591713292,
  "created_at": "2026-03-01T13:13:37.541991",
  "sources": [
    "payloadbox",
    "generated"
  ]
}