iter	Logloss
0	0.5608224587
50	0.007894718782
100	0.00603394653
150	0.004983940306
200	0.004384655825
