iter	Logloss
0	0.5608224141
50	0.007894717388
100	0.00603394653
150	0.004983940654
200	0.004384655825
