iter	Logloss
0	0.5689956838
50	0.007298516583
100	0.00584688002
