iter	Logloss
0	0.5595625521
50	0.008643938844
