iter	Logloss
0	0.5274962543
50	0.009555990837
