iter	Logloss
0	0.5445392066
50	0.007623270388
100	0.005903527647
150	0.005272993869
