iter	Logloss
0	0.5445391174
50	0.007623271085
100	0.005903526253
150	0.005272993521
