iter	Logloss
0	0.5274962097
50	0.009555992231
