iter	Logloss
0	0.5496563749
50	0.009341078109
